url,local_file,page_title
https://www.storablemarine.com/,raw/home.txt,The #1 Marina Management Software | Storable Marine
https://www.storablemarine.com/services/pos-billing/,raw/services-pos-billing.txt,Marina Billing Software and POS System | Storable Marine
https://www.storablemarine.com/services/slips-mooring-storage/,raw/services-slips-mooring-storage.txt,Boat Slip Management Software: Simplify Marina Operations | Storable Marine
https://www.storablemarine.com/services/service-management/,raw/services-service-management.txt,Fuel Dock Management System | Storable Marine
https://www.storablemarine.com/services/customer-relationship-management/,raw/services-customer-relationship-management.txt,Marina CRM Software | Streamline Boat Club & Marina Management | Storable Marine
https://www.storablemarine.com/services/mobile-apps/,raw/services-mobile-apps.txt,Online Booking for Boat Rentals | Storable Marine
https://www.storablemarine.com/marina-management-software/,raw/marina-management-software.txt,Marina Management Software & Solutions | Storable Marine
https://www.storablemarine.com/marina-software/,raw/marina-software.txt,Marina Management Software | Boat Rental Management Software | Storable Marine
https://www.storablemarine.com/boat-club-rental-software/,raw/boat-club-rental-software.txt,Boat Rental Management Software | Rental Fleet Management | Storable Marine
https://www.storablemarine.com/marina-software-integration/,raw/marina-software-integration.txt,Storable Marine Integrations
https://www.storablemarine.com/marina-software-integration/fuelcloud/,raw/marina-software-integration-fuelcloud.txt,FuelCloud | Storable Marine
https://www.storablemarine.com/case-studies/,raw/case-studies.txt,Case Studies | Storable Marine
https://www.storablemarine.com/resources/suntex-marinas-accelerates-enterprise-growth-with-storables-marine-technology-suite/,raw/resources-suntex-marinas-accelerates-enterprise-growth-with-storables-marine-tec.txt,Suntex Marinas Accelerates Enterprise Growth with Storable's Marine Technology Suite | Storable Marine
https://www.storablemarine.com/resources/molo-task-management/,raw/resources-molo-task-management.txt,Molo Task Management | Storable Marine
https://www.storablemarine.com/resources/marina-industry-trends-2026/,raw/resources-marina-industry-trends-2026.txt,Marina Industry Trends 2026 | Storable Marine
https://www.storablemarine.com/resources/2026-marina-operator-insights-and-technology-automation/,raw/resources-2026-marina-operator-insights-and-technology-automation.txt,Ebook: 2026 Marina Operator Insights & Technology Automation | Storable Marine
https://www.storablemarine.com/resources/how-molo-can-increase-efficiency-at-your-marina-pumps/,raw/resources-how-molo-can-increase-efficiency-at-your-marina-pumps.txt,Boost Marina Fuel Efficiency with Molo | Storable Marine
https://www.storablemarine.com/resources/why-marina-management-software-delivers-exceptional-results/,raw/resources-why-marina-management-software-delivers-exceptional-results.txt,8 Benefits Of Cloud-based Marina Management Software | Storable Marine
https://www.storablemarine.com/resources/top-10-marina-management-software-features-you-shouldn-t-overlook/,raw/resources-top-10-marina-management-software-features-you-shouldn-t-overlook.txt,Top 10 Marina Management Software Features You Shouldn't Overlook | Storable Marine
https://www.storablemarine.com/resources/the-benefits-of-automated-invoicing-and-recurring-charges-for-time-and-cost-savings/,raw/resources-the-benefits-of-automated-invoicing-and-recurring-charges-for-time-and.txt,Automated Invoicing & Recurring Charges: Streamlining Marina Operations | Storable Marine
https://www.storablemarine.com/resources/leading-marina-operations-software-options-cloud-access/,raw/resources-leading-marina-operations-software-options-cloud-access.txt,Leading Marina Operations Software With Cloud Access | Storable Marine
https://www.storablemarine.com/resources/how-boat-rental-software-can-help-you-manage-seasonal-demand/,raw/resources-how-boat-rental-software-can-help-you-manage-seasonal-demand.txt,How Boat Rental Software Enhances Fleet Management During Seasonal Peaks | Storable Marine
https://www.storablemarine.com/resources/considerations-for-rental-management-software/,raw/resources-considerations-for-rental-management-software.txt,How To Choose Between Building Or Buying Boat Rental Management Software | Storable Marine
https://www.storablemarine.com/resources/how-boat-rental-can-elevate-efficiency-with-software-solutions/,raw/resources-how-boat-rental-can-elevate-efficiency-with-software-solutions.txt,Smooth Sailing: How Boat Rental Software Can Boost Your Business | Storable Marine
https://www.storablemarine.com/resources/selecting-the-ideal-boat-tour-rental-management-software-essential-insights/,raw/resources-selecting-the-ideal-boat-tour-rental-management-software-essential-ins.txt,Selecting the Ideal Boat Tour & Rental Management Software | Storable Marine
https://www.storablemarine.com/resources/storable-unifies-marine-software-solutions-under-new-storable-marine-brand/,raw/resources-storable-unifies-marine-software-solutions-under-new-storable-marine-b.txt,Storable Unifies Marine Software Solutions Under New Storable Marine Brand | Storable Marine
https://www.storablemarine.com/resources/why-a-marine-fuel-management-system-is-essential-in-todays-marine-industry/,raw/resources-why-a-marine-fuel-management-system-is-essential-in-todays-marine-indu.txt,Why A Marine Fuel Management System Is Essential? | Storable Marine
https://www.storablemarine.com/legal/,raw/legal.txt,Storable Marine Operator Terms of Service
https://www.storablemarine.com/contact/,raw/contact.txt,Talk to Sales | Storable Marine Marina & Boating Software
https://www.storablemarine.com/support/,raw/support.txt,Storable Marine Support | Help for Marinas & Boat Clubs
https://www.storablemarine.com/resources/,raw/resources.txt,"Operator Resources for Marinas | Storable Marine Blogs, Case Studies & Guides"
https://www.storablemarine.com/resources/top-solutions-mobile-friendly-marina-websites/,raw/resources-top-solutions-mobile-friendly-marina-websites.txt,Top Solutions for Mobile-Friendly Marina Websites | Storable Marine
https://www.storablemarine.com/resources/top-10-social-media-tips-for-amplifying-your-boat-rental-business/,raw/resources-top-10-social-media-tips-for-amplifying-your-boat-rental-business.txt,Top 10 Social Media Tips for Amplifying Your Boat Rental Business | Storable Marine
https://www.storablemarine.com/sitemap/,raw/sitemap.txt,Sitemap | Storable Marine
